Id,Title,StartDate,EndDate,Duration,Posts,Comments,TotalModeratedComments,UniquePageViews,PageViews,AvgMinutesOnPage,EngagementMinutes
"1308623","Kvalifikacije za Euro 2016: Slovenija - Anglija","6/14/2015 5:38:06 AM","6/15/2015 2:28:19 AM","17:50:13.16","152","22","1","52583","77520","13","1064522"
"935782","Kvalifikacijska nogometna tekma Anglija - Slovenija","11/14/2014 1:03:35 PM","6/14/2015 7:58:48 PM","212:6:55:13.113","1605","375","0","25073","37710","16","611988"
"1256592","Finale Evrovizije, 23. 5. 2015","5/23/2015 6:15:00 PM","5/24/2015 4:00:00 AM","6:17:27.81","342","275","0","57198","88000","14","1268009"
"1256589","Drugi predizbor Evrovizije","5/21/2015 9:00:01 AM","5/21/2015 11:00:00 PM","20:09:32.303","151","106","0","36901","52486","15","790226"
"1208737","Zborovanje pred sodiščem","4/24/2015 1:03:46 PM","4/24/2015 6:46:35 PM","5:42:49.73","81","3","0","14894","19308","20","389377"
"1182925","zest","4/6/2015 1:30:43 PM","4/6/2015 4:31:27 PM","0:00:44.047","0","0","0","0","0","0","0"
"884890","MandatJJ","4/6/2015 1:29:18 PM","4/6/2015 4:29:45 PM","0:00:27.89","59","1","1","55141","72100","19","1431194"
"1114340","Ema 2015","2/28/2015 4:30:52 PM","3/3/2015 9:20:55 AM","2:13:50:03.617","113","65","7","34185","47439","14","710836"
"1014185","Po napadu v Parizu","1/9/2015 6:41:56 AM","1/9/2015 9:42:08 AM","0:00:12.967","48","19","1","40892","63989","18","1170714"
"983669","Janša izpuščen iz zapora","12/12/2014 4:41:04 PM","12/12/2014 7:41:04 PM","0:00:00.67","0","0","0","0","0","0","0"
"979890","Liga prvakov, 6. krog: Maribor - Schalke","12/10/2014 2:30:00 PM","12/11/2014 12:00:00 PM","1:6:16:58.737","53","26","1","27744","50034","12","613694"
"952424","Liga prvakov v nogometu, 5. krog, Sporting Lizbona - Maribor","11/25/2014 8:45:00 AM","11/26/2014 10:00:00 AM","1:0:02:30.163","72","60","0","35982","53267","13","712524"
"916522","Liga prvakov, 4. krog, Maribor - Chelsea","11/5/2014 9:00:00 AM","11/6/2014 6:00:00 AM","13:43:19.197","107","28","3","68163","103495","14","1476087"
"894070","Liga prvakov, 3. krog, Chelsea - Maribor","10/21/2014 7:15:00 AM","10/22/2014 12:00:00 PM","1:0:53:58.01","118","53","0","39036","56896","13","795583"
"891342","2. krog lokalnih volitev","10/19/2014 3:37:52 PM","10/19/2014 10:48:16 PM","7:10:24.27","111","9","1","38858","53877","9","495344"
"880497","Kvalifikacije za Euro 2016: Litva - Slovenija","10/12/2014 7:39:17 AM","10/13/2014 8:00:00 AM","17:15:30.14","75","7","0","48146","70146","17","1233434"
"875502","Kvalifikacije za Euro 2016: Slovenija - Švica","10/9/2014 5:45:00 AM","10/10/2014 8:00:00 AM","17:59:58.1","95","51","1","49997","73215","16","1175419"
"817205","Kvalifikacije za Euro 2016: Estonija - Slovenija","10/9/2014 5:46:52 AM","10/9/2014 5:46:58 AM","0:00:06.077","96","15","3","47439","67951","14","974627"
"868518","Lokalne volitve 2014","10/5/2014 4:41:02 PM","10/5/2014 10:33:49 PM","5:52:47.447","115","23","1","75543","106779","10","1166382"
"867224","12. krog PLTS: Maribor - Olimpija","10/4/2014 10:00:00 AM","10/5/2014 7:00:00 AM","19:32:34.243","158","90","3","35775","53306","15","802438"
"860743","Liga prvakov, 2. krog, Schalke - Maribor","9/30/2014 10:28:52 AM","10/1/2014 3:00:00 AM","13:07:24.843","76","47","1","41012","59950","14","891167"
"835376","Liga prvakov, 1. krog: Maribor - Sporting","9/17/2014 10:33:32 AM","9/18/2014 6:00:00 AM","14:14:25.56","115","61","4","70004","101664","15","1568033"
"819149","SP v košarki: Slovenija - ZDA","9/9/2014 9:14:53 AM","9/10/2014 7:00:00 AM","12:54:44.72","107","41","4","52925","81185","16","1328540"
"806064","SP v košarki: Slovenija - Južna Koreja","9/2/2014 7:14:12 AM","9/3/2014 5:27:25 AM","7:1:59:20.967","42","1","0","40249","59096","16","985505"
"808041","SP V Košarki: Slovenija - Angola","9/3/2014 5:28:15 AM","9/3/2014 10:56:09 PM","14:27:54.577","23","5","1","36790","51186","17","870421"
"797925","Prva liga TS, 7. krog","8/29/2014 2:45:00 PM","9/1/2014 12:00:00 PM","2:21:11:09.947","278","24","0","34247","45281","10","491481"
"801338","SP v košarki: Slovenija - Mehika","8/31/2014 6:45:00 AM","9/1/2014 6:45:00 AM","17:13:34.397","64","5","0","39203","54229","12","699660"
"798690","SP v košarki: Slovenija - Avstralija","8/30/2014 4:45:39 AM","8/31/2014 5:00:00 AM","18:21:03.343","73","7","0","38187","56191","14","816605"
"791379","Liga prvakov, 4. predkrog: Celtic - Maribor","8/26/2014 5:00:00 PM","8/27/2014 9:45:00 PM","1:4:39:03.173","91","61","5","43986","68068","14","994423"
"785152","Prva liga TS, 6. krog","8/23/2014 2:30:00 PM","8/25/2014 12:00:00 PM","1:21:26:58.35","246","53","0","17089","22970","10","251348"
"780480","Liga prvakov, 4. predkrog: Maribor - Celtic","8/20/2014 2:36:11 PM","8/21/2014 12:21:00 AM","6:44:49.22","63","14","0","29962","42664","15","667531"
"772620","Prva liga TS, 5. krog","8/15/2014 8:30:45 AM","8/18/2014 8:00:00 AM","2:23:18:40.287","286","37","0","28642","39508","11","440679"
"762645","Prva liga TS, 4. krog","8/9/2014 4:59:24 AM","8/11/2014 8:00:00 AM","2:2:38:44.62","317","49","0","40626","56659","11","627702"
"752083","Prva liga TS, 3. krog","8/1/2014 6:05:19 AM","8/4/2014 8:00:00 AM","2:15:12:26.26","169","32","0","18215","22513","8","197063"
"749836","Prva seja DZ-ja 2014","8/1/2014 5:00:00 AM","8/1/2014 7:56:15 PM","11:56:15.043","83","34","3","46728","59817","18","1077502"
"749331","Maribor - Maccabi Tel Aviv, prva tekma","7/29/2014 8:14:12 PM","7/31/2014 8:00:00 AM","1:12:45:27.42","76","6","2","31835","40586","14","603532"
"742420","Prva liga TS, 2. krog","7/24/2014 8:09:09 AM","7/28/2014 10:00:00 AM","4:1:03:57.43","248","30","1","26887","35660","9","331693"
"741127","Maribor - Zrinjski, povratna tekma","7/23/2014 11:27:47 AM","7/24/2014 5:59:17 AM","18:31:30.183","66","5","0","25307","35367","13","493998"
"731713","Prva liga TS, 1. krog","7/18/2014 10:04:54 AM","7/21/2014 10:00:00 AM","2:22:23:59.17","182","24","2","29040","39030","10","392778"
"729683","Nesreča letala v Ukrajini","7/17/2014 8:04:32 PM","7/17/2014 10:01:37 PM","1:57:05.32","36","0","2","17795","23480","17","410827"
"716591","Mundial - FINALE","7/13/2014 4:00:00 AM","7/14/2014 8:00:00 PM","1:15:00:29.193","186","8","3","48146","65563","24","1584671"
"716174","Volitve DZ 2014","7/13/2014 12:15:57 PM","7/14/2014 12:28:20 AM","9:12:23.153","63","112","0","85661","124046","15","1980756"
"716589","Mundial, 31. dan","7/11/2014 12:37:21 PM","7/13/2014 4:00:00 AM","1:10:21:14.56","63","15","1","36378","46760","13","650894"
"716069","Mundial, 30. dan","7/11/2014 5:02:28 AM","7/12/2014 4:00:00 AM","15:55:41.28","35","7","1","13989","16461","11","196261"
"714465","Mundial, 29. dan","7/10/2014 6:04:43 AM","7/11/2014 4:00:00 AM","14:37:00.263","32","6","0","7241","8161","13","108284"
"711585","Mundial, 28. dan","7/10/2014 7:33:04 AM","7/10/2014 7:34:26 AM","0:01:22.67","95","23","4","51788","66491","16","1106736"
"708342","Mundial, 27. dan","7/7/2014 8:38:41 PM","7/9/2014 4:00:00 AM","1:2:17:27.167","55","16","4","78436","109572","15","1724848"
"701873","Mundial, 26. dan","7/6/2014 11:00:00 PM","7/8/2014 5:00:00 AM","1:4:35:36.403","33","13","2","12193","13659","13","184865"
"701868","Mundial, 25. dan","7/5/2014 11:00:00 PM","7/7/2014 5:00:00 AM","23:47:09.46","30","5","0","12189","13667","12","177131"
"701866","Mundial, 24. dan","7/6/2014 7:24:23 PM","7/6/2014 7:25:57 PM","0:01:34.573","112","14","2","46388","65639","14","957228"
"694280","Mundial, 23. dan","7/3/2014 11:00:00 PM","7/6/2014 7:18:56 PM","2:20:18:56.853","178","17","2","49636","68545","15","1030712"
"694278","Mundial, 22. dan","7/2/2014 11:00:00 PM","7/4/2014 12:54:36 PM","1:13:54:36.43","28","1","1","8137","9277","12","119658"
"694276","Mundial, 21. dan","7/1/2014 12:55:07 PM","7/4/2014 12:54:27 PM","2:23:59:20.527","35","2","0","13867","15579","13","214578"
"688701","Mundial, 20. dan","6/30/2014 11:00:00 PM","7/4/2014 12:54:18 PM","3:13:54:18.47","70","3","1","53923","75194","15","1142017"
"688696","Mundial, 19. dan","6/29/2014 11:10:10 AM","7/1/2014 5:00:00 AM","1:13:24:38.103","88","11","0","58799","75820","13","1043994"
"686367","Mundial, 18. dan","6/28/2014 11:38:37 AM","6/30/2014 5:00:00 AM","1:11:50:17.29","82","19","0","52083","68449","14","962965"
"684998","Mundial, 17. dan","6/27/2014 1:28:57 PM","6/29/2014 5:00:00 AM","1:10:18:17.807","138","13","0","42955","61397","14","859817"
"676498","Mundial, 16. dan","6/27/2014 6:30:00 AM","6/28/2014 5:00:00 AM","12:46:10.88","21","1","0","5582","6101","26","162896"
"676490","Mundial, 15. dan","6/26/2014 5:50:54 AM","6/27/2014 1:43:38 AM","16:52:44.2","42","11","0","44009","59298","12","752790"
"676482","Mundial, 14. dan","6/24/2014 4:17:54 PM","6/26/2014 5:00:00 AM","1:10:52:51.103","73","11","1","44589","65702","12","797513"
"675318","Mundial, 13. dan","6/24/2014 7:00:00 AM","6/25/2014 5:00:00 AM","15:32:20.327","74","1","0","36435","45303","12","580213"
"672455","Mundial, 12. dan","6/22/2014 9:42:31 PM","6/24/2014 5:00:00 AM","1:6:20:54.157","61","0","0","11123","17593","13","240548"
"665868","Mundial, 11. dan","6/22/2014 5:00:00 AM","6/23/2014 5:00:00 AM","23:41:34.677","65","5","0","41687","51126","12","656859"
"665732","Mundial, 10. dan","6/20/2014 11:26:02 AM","6/22/2014 5:00:00 AM","1:14:41:13.567","96","6","1","53399","78220","12","967998"
"665373","Mundial, 9. dan","6/20/2014 5:05:23 AM","6/21/2014 5:00:00 AM","17:46:52.81","55","1","1","27944","35382","11","402939"
"666005","Janša Dob","6/20/2014 2:04:29 PM","6/20/2014 8:43:12 PM","6:38:43.077","90","34","4","60030","87162","17","1503094"
"660367","Mundial, 8. dan","6/18/2014 3:41:59 PM","6/20/2014 5:00:00 AM","1:9:23:00.09","76","8","0","38672","52575","13","692351"
"655247","Mundial, 7. dan","6/16/2014 5:15:00 PM","6/19/2014 5:00:00 AM","2:10:35:59.177","83","7","0","47208","68247","14","981081"
"655232","Mundial, 6. dan","6/16/2014 5:27:07 PM","6/18/2014 5:00:00 AM","1:4:28:04.227","98","2","0","41855","58771","12","760407"
"651333","Mundial, 5. dan","6/15/2014 12:36:20 PM","6/17/2014 5:00:00 AM","1:8:28:53.813","78","1","0","11550","13109","11","150481"
"648646","Mundial, 4. dan","6/14/2014 12:48:49 PM","6/16/2014 5:00:00 AM","2:1:43:35.93","69","5","0","17313","21257","12","264779"
"631664","Vaja za mundial 2014","6/5/2014 10:59:27 AM","6/16/2014 10:00:00 AM","10:22:59:03.673","1533","6","0","5","14","6","86"
"645387","Mundial, 3. dan","6/13/2014 12:55:59 PM","6/15/2014 5:00:00 AM","1:10:33:10.577","55","4","0","34516","52131","12","643333"
"639266","Mundial, 2. dan","6/13/2014 3:15:00 AM","6/14/2014 5:00:00 AM","17:35:32.907","39","4","0","61933","102766","10","1107533"
"639181","Mundial, 1. dan","6/12/2014 5:15:00 AM","6/13/2014 5:00:00 AM","22:17:14.9","66","9","0","47166","60455","12","747299"
"631838","Referendum o arhivih","6/8/2014 3:46:18 PM","6/8/2014 8:10:03 PM","4:23:45.16","50","2","1","31674","40077","17","682547"
"600626","Prva liga TS: 35. krog","6/5/2014 10:52:52 AM","6/5/2014 10:56:46 AM","0:03:54.547","183","23","0","8705","11123","9","100640"
"560079","Kongres PS","6/3/2014 12:24:49 PM","6/3/2014 12:25:53 PM","0:01:04.52","260","4","0","38544","57299","15","906317"
"614214","Volitve v Evropski parlament","5/25/2014 7:56:08 PM","5/25/2014 11:19:54 PM","3:23:46.79","113","18","0","43188","53961","14","772395"
"614089","Prva liga TS: 36. krog","5/25/2014 2:33:35 PM","5/26/2014 1:49:32 AM","8:15:57","144","14","0","12043","15034","10","159893"
"610006","Real Madrid - Atletico Madrid, finale nogometne Lige prvakov","5/23/2014 12:56:47 PM","5/25/2014 8:00:00 AM","1:8:39:56.547","66","6","0","34876","49447","14","698046"
"605940","Finale Pokala Slovenije: Maribor - Gorica","5/21/2014 10:45:00 AM","5/22/2014 9:45:00 PM","1:10:28:28.977","29","27","0","15234","19676","15","295313"
"592692","Prva liga TS: 34. krog","5/14/2014 4:03:44 PM","5/15/2014 12:37:58 AM","5:34:14.41","271","37","3","27526","36879","10","369635"
"586535","Prva liga TS: 33. krog","5/10/2014 7:15:00 AM","5/12/2014 9:00:00 AM","2:23:27:37.527","187","20","0","14428","19808","10","209147"
"587329","Evrovizija 2014, finale","5/10/2014 4:41:23 PM","5/11/2014 1:12:24 AM","8:31:01.573","139","398","5","81923","117442","12","1452282"
"583563","Evrovizija, 2. polfinale","5/8/2014 5:47:54 PM","5/8/2014 11:35:19 PM","5:47:25.89","81","201","3","44311","64474","11","771895"
"579174","Prva liga TS: 32. krog","5/6/2014 12:44:22 PM","5/8/2014 9:00:00 AM","1:20:11:46.227","205","21","0","13303","17665","9","175809"
"577729","Evrovizija, 1. polfinale","5/6/2014 6:28:10 PM","5/6/2014 10:02:59 PM","3:34:49.187","84","128","0","20427","25797","10","261487"
"572629","Prva liga TS: 31. krog","5/2/2014 9:20:12 AM","5/5/2014 9:00:00 AM","2:23:35:01.887","202","27","0","25438","33289","9","322338"
"566836","Patria","4/28/2014 12:43:27 PM","4/28/2014 10:00:51 PM","9:17:24.4","38","19","2","53603","69430","16","1158155"
"562977","Prva liga TS: 30. krog","4/25/2014 5:36:45 PM","4/28/2014 9:00:00 AM","2:14:52:30.103","211","12","5","21854","28504","9","275090"
"558578","Prva liga TS: 29. krog","4/22/2014 10:28:26 AM","4/24/2014 11:00:00 AM","1:23:22:16.447","166","9","0","17793","23070","11","255050"
"554860","Prva liga TS: 28. krog","4/19/2014 9:49:19 AM","4/21/2014 8:00:00 AM","1:9:25:42.067","195","17","0","14612","19995","10","199966"
"550592","Prva liga TS: 27. krog","4/16/2014 4:45:00 PM","4/17/2014 1:00:00 PM","18:05:04.577","141","16","0","10195","13240","10","140787"
"540604","Prva liga TS: 26. krog","4/12/2014 7:49:02 AM","4/14/2014 8:00:00 AM","1:23:24:56.62","253","32","0","12448","16906","10","171371"
"525313","Prva liga TS: 25. krog","4/5/2014 4:46:37 AM","4/7/2014 8:00:00 AM","2:2:38:38.463","244","20","0","13131","17953","10","192946"
"520818","Pokal Slovenije, polfinale, povratni tekmi","4/2/2014 12:42:31 PM","4/3/2014 12:00:00 AM","8:52:41.767","74","13","0","13168","17720","12","221239"
"507568","Prva liga TS: 24. krog","3/25/2014 9:00:00 AM","3/31/2014 8:00:00 AM","5:11:21:17.663","321","2","0","14242","18434","9","178789"
"494290","Prva liga TS: 23. krog","3/18/2014 9:00:00 AM","3/24/2014 9:00:00 AM","5:10:40:24.217","230","14","0","12142","17521","9","166272"
"494285","Patria - pred in na sodišču","3/19/2014 5:25:23 AM","3/19/2014 3:50:41 PM","7:25:18.373","17","41","2","43689","58413","17","1027905"
"486927","Prva liga TS: 22. krog","3/14/2014 11:15:00 AM","3/17/2014 9:00:00 AM","2:20:46:47.553","235","21","0","21094","29462","10","301214"
"480706","REFERENDUM NA KRIMU","3/16/2014 5:00:00 AM","3/16/2014 10:32:17 PM","17:32:17.367","40","5","2","18095","23942","17","430379"
"473680","Prva liga TS: 21. krog","3/7/2014 12:18:20 PM","3/10/2014 10:00:00 AM","2:21:36:12.86","170","27","0","21209","28250","10","296505"
"468694","Ema 2014","3/8/2014 9:54:25 PM","3/9/2014 1:47:34 AM","0:53:09.757","85","49","6","41877","58458","11","683766"
"473077","Ukrajina, 7. 3. 2014","3/7/2014 5:45:00 AM","3/7/2014 10:30:00 PM","1:2:11:53.45","41","12","0","21328","26322","19","520125"
"473661","Ukrajina, 10. 3. 2014","3/10/2014 5:00:00 AM","3/11/2014 5:00:00 AM","-2:16:50:17.233","0","0","0","0","0","0","0"
"473660","Ukrajina, 9. 3. 2014","3/9/2014 5:00:00 AM","3/10/2014 5:00:00 AM","-1:16:50:48.127","0","0","0","0","0","0","0"
"473657","Ukrajina, 8. 3. 2014","3/8/2014 5:00:00 AM","3/9/2014 5:00:00 AM","-16:51:22.19","0","0","0","0","0","0","0"
"468873","Ukrajina, 6. 3. 2014","3/6/2014 6:08:26 AM","3/6/2014 10:55:00 PM","23:37:16.967","86","8","0","19834","25701","17","437454"
"458736","Prva liga TS: Olimpija - Maribor","3/6/2014 10:17:16 AM","3/6/2014 1:20:02 PM","0:02:46.243","88","13","0","33410","47596","14","676573"
"470988","VideoEmbedTest","3/6/2014 9:13:57 AM","3/6/2014 12:33:34 PM","0:19:37.28","6","0","0","5","7","106","744"
"463982","Ukrajina","3/5/2014 5:36:22 AM","3/5/2014 10:54:25 PM","17:18:03.96","71","7","0","17699","23151","23","549340"
"468698","test-new tmpl","3/5/2014 1:01:18 PM","3/5/2014 1:18:02 PM","0:16:44.63","0","0","0","0","0","0","0"
"460069","Kriza v Ukrajini","3/2/2014 10:00:00 AM","3/3/2014 5:00:00 AM","12:19:39.91","40","10","0","40485","52585","17","930927"
"432792","Soči 2014 - nedelja, 23. februarja","2/22/2014 11:00:00 PM","2/24/2014 6:00:00 AM","22:16:49.73","67","4","1","22022","27659","15","440786"
"396049","COC Sochi Photos","2/6/2014 12:28:23 PM","2/24/2014 12:00:00 PM","17:6:00:21.28","587","5","0","0","0","0","0"
"432790","Soči 2014 - sobota, 22. februarja","2/21/2014 11:00:00 PM","2/23/2014 6:00:00 AM","22:36:30.087","52","26","4","50007","75832","14","1094447"
"432786","Soči 2014 - petek, 21. februarja","2/20/2014 11:00:00 PM","2/22/2014 6:00:00 AM","1:2:11:42.517","54","8","0","26789","31727","15","479198"
"436272","Evropska liga, 1/16-finala: MARIBOR - SEVILLA","2/20/2014 12:15:00 PM","2/21/2014 9:22:44 AM","21:07:44.463","54","9","1","33697","49219","13","663283"
"432773","Soči 2014 - četrtek, 20. februarja","2/19/2014 11:00:00 PM","2/21/2014 6:00:00 AM","1:6:58:04.077","43","8","1","19107","22996","12","294216"
"426558","Soči 2014 - sreda, 19. februarja","2/18/2014 11:00:00 PM","2/20/2014 6:00:00 AM","21:56:14.84","48","19","0","32403","41883","14","618398"
"417787","Soči 2014 - torek, 18. februarja","2/17/2014 11:00:00 PM","2/19/2014 5:14:58 AM","1:6:14:58.53","54","9","0","8092","9656","17","169003"
"417783","Soči 2014 - ponedeljek, 17. februarja","2/16/2014 11:00:00 PM","2/18/2014 1:00:00 AM","1:0:34:42.663","52","10","1","31303","38656","13","519996"
"417782","Soči 2014 - nedelja, 16. februarja","2/15/2014 11:00:00 PM","2/17/2014 1:00:00 AM","22:23:58.553","61","6","0","10422","12456","10","128999"
"417779","Soči 2014 - sobota, 15. februarja","2/14/2014 11:00:00 PM","2/16/2014 1:00:00 AM","21:17:26.517","104","30","0","9569","11212","14","158868"
"411683","Soči 2014 - petek, 14. februarja","2/13/2014 11:00:00 PM","2/15/2014 1:00:00 AM","21:16:25.91","39","10","0","21210","24616","11","285105"
"411675","Soči 2014 - četrtek, 13. februarja","2/12/2014 11:00:00 PM","2/14/2014 1:00:00 AM","21:30:22.53","62","14","1","36347","45178","12","580104"
"407463","Soči 2014 - sreda, 12. februarja","2/11/2014 11:00:00 PM","2/13/2014 1:00:00 AM","1:0:29:46.947","60","17","2","47567","58640","11","667887"
"405327","Soči 2014 - torek, 11. februarja","2/10/2014 11:00:00 PM","2/12/2014 1:00:00 AM","22:50:39.45","55","20","0","33446","44208","11","510371"
"395980","Soči 2014 - ponedeljek, 10. februarja","2/9/2014 11:00:00 PM","2/11/2014 1:00:00 AM","21:41:54.38","68","18","0","29254","35385","10","363525"
"395827","Soči 2014 - petek, 7. februarja","2/7/2014 4:30:00 AM","2/7/2014 10:45:00 PM","3:1:18:23.867","140","14","8","49287","67991","14","959763"
"395975","Soči 2014 - sobota, 8. februarja","2/8/2014 5:15:00 AM","2/9/2014 1:00:00 AM","2:0:33:09.87","87","11","1","40418","53799","10","542212"
"395979","Soči 2014 - nedelja, 9. februarja","2/9/2014 12:45:00 AM","2/10/2014 12:45:00 AM","1:5:02:48.21","93","18","1","48516","64396","12","773288"
"364311","Shod soočenja s sistemsko korupcijo","1/17/2014 12:35:45 PM","1/17/2014 4:55:27 PM","4:19:42.21","14","20","0","9393","11365","15","173366"
"343716","SilvesterSkribl","12/31/2013 5:43:25 AM","12/31/2013 11:08:35 PM","17:25:10.38","58","17","0","16147","19245","10","204239"
"344627","Izvod SilvesterSkribl","12/31/2013 5:43:25 AM","12/31/2013 10:57:01 PM","14:13:36.02","0","0","0","0","0","0","0"
"334772","Protestival","12/20/2013 5:34:33 PM","12/20/2013 8:45:21 PM","3:10:49.007","36","4","0","5874","6559","12","82041"
"322856","Bančna luknja","12/12/2013 6:00:00 AM","12/12/2013 3:54:03 PM","9:54:03.817","43","10","0","35779","45054","17","801291"
"314715","20. krog Prve lige TS","12/6/2013 2:37:36 PM","12/9/2013 7:00:00 AM","2:8:31:14.59","163","17","0","7469","9561","9","94567"
"314333","Žreb skupin za svetovno nogometno prvenstvo v Braziliji 2014","12/6/2013 11:15:00 AM","12/6/2013 9:00:00 PM","7:04:56.14","32","1","0","18819","23576","16","388040"
"314301","Žreb skupina za svetovno nogometno prvenstvo v Braziliji 2014","12/6/2013 11:02:07 AM","12/6/2013 11:20:50 AM","0:18:43.5","0","0","0","0","0","0","0"
"305621","19. krog Prve lige Telekom Slovenije","12/1/2013 2:15:00 PM","12/4/2013 7:00:00 AM","3:0:46:44.553","159","67","0","23473","29832","10","308696"
"296916","18. krog Prve lige Telekom Slovenije","11/23/2013 7:45:00 AM","11/27/2013 9:00:00 AM","4:1:05:41.303","242","35","0","22005","29003","9","268914"
"273814","Evropska liga, 4. krog, Maribor - Zulte Waregem","11/7/2013 11:00:27 AM","11/8/2013 7:36:54 AM","20:36:27.82","22","1","0","17234","22921","13","302631"
"261313","Torek","10/29/2013 2:31:58 PM","10/29/2013 7:14:18 PM","4:42:20.803","49","25","0","23806","29681","14","442337"
"243310","Kvalifikacije za SP v nogometu, Švica - Slovenija","10/15/2013 7:09:19 AM","10/16/2013 7:00:00 AM","15:00:05.723","74","41","0","44265","64868","13","864081"
"240110","Kvalifikacije za SP v nogometu: Slovenija - Norveška","10/11/2013 8:30:00 AM","10/12/2013 5:31:48 AM","21:02:26.633","132","4","0","50710","72131","15","1099025"
"234626","13. krog Prve lige Telekom Slovenije","10/5/2013 2:15:00 PM","10/7/2013 7:00:00 AM","1:15:33:01.92","294","29","0","27023","35812","10","367816"
"226527","12. krog Prve lige TS","9/28/2013 12:02:31 PM","9/29/2013 2:06:52 AM","11:04:21.73","149","11","0","15070","21331","10","220899"
"222719","11. krog Prve lige TS","9/25/2013 1:32:31 PM","9/26/2013 12:14:27 AM","7:41:56.66","142","7","0","14473","19273","11","213243"
"217150","EuroBasket, 22. september","9/22/2013 6:32:38 AM","9/23/2013 5:49:50 AM","20:17:12.63","95","9","0","43803","58486","16","957750"
"216479","10. krog Prve lige TS","9/22/2013 10:06:44 PM","9/23/2013 1:06:44 AM","0:00:00.507","173","20","0","25724","33100","9","309000"
"216400","EuroBasket, 21. september","9/21/2013 6:25:04 AM","9/22/2013 5:00:00 AM","22:42:18.913","162","5","0","41040","56951","15","878911"
"215414","EuroBasket, 20. september","9/20/2013 8:19:26 AM","9/21/2013 8:00:00 AM","13:28:48.57","82","7","0","44591","61663","18","1132121"
"214577","1. krog Evropske lige, skupina D: Maribor - Rubin Kazan","9/19/2013 8:07:51 AM","9/20/2013 7:00:00 AM","21:52:12.067","65","10","0","24791","31826","11","380887"
"214540","EuroBasket, 19. september","9/19/2013 6:24:51 AM","9/20/2013 5:07:54 AM","19:43:03.327","162","13","0","62101","84487","18","1566080"
"213054","EuroBasket, 18. september","9/18/2013 5:08:40 AM","9/19/2013 5:00:00 AM","18:29:32.923","157","47","0","72871","111647","16","1835157"
"209916","EuroBasket, 16. september","9/16/2013 4:51:40 PM","9/17/2013 12:24:53 AM","4:33:13.717","114","35","0","87307","128299","16","2128292"
"207826","Prva liga TS, 9. krog","9/14/2013 5:00:00 AM","9/16/2013 5:00:00 AM","1:23:50:44.67","104","62","0","15189","18535","9","170515"
"209319","EuroBasket, 15. september","9/15/2013 9:31:54 AM","9/16/2013 5:00:00 AM","14:28:35.557","69","8","0","61795","82877","15","1251347"
"207857","EuroBasket, 14. septembra","9/14/2013 11:01:44 AM","9/15/2013 3:04:51 AM","13:03:07.977","160","26","0","62624","95936","15","1514777"
"207002","EuroBasket, 13. september","9/13/2013 6:57:30 AM","9/14/2013 12:19:06 AM","14:21:36.153","81","8","0","37330","47897","16","770079"
"205940","EuroBasket, 12 . september","9/12/2013 6:08:01 AM","9/13/2013 6:54:35 AM","1:0:46:34.94","164","35","0","70284","104360","17","1809225"
"205046","EuroBasket, 11. september","9/11/2013 8:12:59 AM","9/12/2013 1:59:16 AM","14:46:17.77","102","5","0","43179","55620","15","876640"
"200801","EuroBasket, 6. dan","9/9/2013 7:00:00 AM","9/10/2013 8:00:00 AM","15:06:24.823","137","9","0","86690","126738","13","1731013"
"199382","EuroBasket 2013, 5. dan","9/8/2013 5:24:20 AM","9/9/2013 1:13:41 AM","16:49:21.63","204","10","0","73636","111321","13","1507817"
"197983","Eurobasket 2013, četrti dan","9/7/2013 6:45:00 AM","9/7/2013 11:57:48 PM","14:12:48.77","133","12","0","51834","76766","15","1207860"
"196507","Eurobasket 2013, tretji dan","9/6/2013 6:29:06 AM","9/7/2013 6:42:43 AM","1:0:14:57.92","55","10","0","38768","49752","13","665888"
"196870","Slovenija - Albanija, nogometne kvalifikacije za SP 2014","9/6/2013 1:31:14 PM","9/7/2013 2:19:40 AM","9:48:26.25","87","19","0","33441","47505","12","611463"
"195441","Eurobasket 2013, drugi dan","9/5/2013 5:41:47 AM","9/6/2013 8:00:00 AM","17:22:14.54","206","10","0","88682","130635","15","2064066"
"194555","Protest zaradi političnega kadrovanja","9/5/2013 2:10:50 PM","9/5/2013 5:06:23 PM","2:55:33.69","48","0","0","9176","10966","17","190810"
"194343","EuroBasket 2013, 1. dan","9/4/2013 4:50:10 AM","9/5/2013 4:45:23 AM","23:55:13.06","307","47","0","79584","121738","14","1765766"
"188184","8. krog Prve lige Telekom Slovenije","8/31/2013 12:00:12 PM","9/1/2013 2:35:23 AM","11:35:11.88","85","8","0","14925","20482","9","202225"
"130542","PRAZNIČNA VSTAJA","8/31/2013 6:33:14 AM","8/31/2013 6:36:03 AM","0:02:49.42","75","0","2","16527","19655","15","304078"
"187302","Sirija","9/30/2013 12:30:00 PM","9/30/2013 3:30:00 PM","-30:23:28:15.963","1","0","0","0","0","0","0"
"184549","4. predkrog nogometne Lige prvakov, povratna tekma, Maribor - Viktoria Plzen","8/28/2013 11:08:16 AM","8/28/2013 10:30:25 PM","12:18:27.62","53","48","0","33209","48545","12","620243"
"180798","7. krog Prve lige Telekom Slovenije","8/24/2013 2:51:44 PM","8/25/2013 1:06:54 AM","7:15:10.717","162","22","0","14976","21001","9","203584"
"157068","3. krog Prve lige Telekom Slovenije","7/28/2013 6:00:00 AM","7/29/2013 10:00:00 AM","27:8:54:35.4","143","31","0","31414","45251","8","379032"
"175846","4. predkrog nogometne Lige prvakov, Viktoria Plzen - Maribor","8/20/2013 7:55:15 AM","8/21/2013 8:00:00 AM","21:24:40.923","144","37","0","41431","59813","12","721390"
"166345","5. krog Prve lige Telekom Slovenije","8/10/2013 12:00:00 PM","8/12/2013 10:00:00 AM","1:20:23:18.59","159","13","0","15199","21452","9","202534"
"163506","3. predkrog nogometne Lige prvakov, Maribor - Apoel","8/6/2013 6:28:58 AM","8/6/2013 9:59:30 PM","15:30:32.787","195","5","0","50169","75373","11","857020"
"158612","3. predkrog nogometne Lige prvakov: Apoel - Maribor","7/31/2013 8:52:19 AM","7/31/2013 8:48:33 PM","11:56:14.877","111","5","0","38458","61261","11","683656"
"155488","2. predkrog Evropske lige v nogometu, Žilina - Olimpija, povratna tekma","7/25/2013 9:45:00 AM","7/26/2013 10:00:00 AM","22:42:19.39","84","24","0","22938","37551","9","344201"
"154918","2. predkrog Lige prvakov, povratna tekma: Maribor - Birkirkara","7/24/2013 7:35:29 AM","7/25/2013 10:00:00 AM","1:1:29:58.777","47","24","0","33174","51399","9","511920"
"151375","2. krog Prve lige Telekom Slovenije 2013/14","7/20/2013 7:14:22 AM","7/22/2013 11:00:00 AM","2:2:49:53.84","178","38","0","29808","42259","9","416086"
"148750","2. predkrog Evropske lige: Olimpija - Žilina","7/18/2013 8:14:21 AM","7/19/2013 11:00:00 AM","1:2:34:14.03","153","52","0","21716","35442","9","331816"
"147198","2. predkrog Lige prvakov: Birkirkara - Maribor","7/16/2013 7:30:00 AM","7/17/2013 11:00:00 AM","2:10:49:04.113","65","35","0","31950","43350","10","458036"
"144965","1. krog Prve lige Telekom Slovenije 2013/14","7/14/2013 3:30:00 PM","7/15/2013 11:00:00 AM","17:48:25.957","226","33","0","39403","58447","9","535204"
"141595","Superpokal Slovenija 2013","7/7/2013 11:08:20 AM","7/7/2013 11:48:40 PM","9:40:20.203","74","18","0","16519","24251","9","238250"
"94654","Boston bombing","4/19/2013 11:17:19 AM","6/12/2013 6:45:45 AM","53:16:28:26.283","1468","135","0","25","143","1","264"
"116792","Razsodba v zadevi Patria","6/5/2013 6:23:47 AM","6/5/2013 1:41:29 PM","7:17:42.943","123","10","0","121344","197571","14","2913788"
"111419","Finale Lige prvakov 2013","5/25/2013 4:26:31 PM","5/27/2013 10:00:00 AM","1:14:51:01.597","285","101","0","21712","30830","12","386382"
"111570","Zadnji, 36., krog Prve lige Telekom Slovenije","5/25/2013 5:07:11 PM","5/25/2013 8:10:06 PM","0:02:55.077","2","12","0","1281","1457","12","17613"
"109106","35. krog Prve lige Telekom Slovenije","5/21/2013 12:32:48 PM","5/23/2013 8:00:00 PM","2:6:20:21.05","234","7","0","14148","17851","8","160382"
"107881","34. krog Prve lige Telekom Slovenije","5/18/2013 11:58:38 AM","5/20/2013 7:00:00 AM","1:7:02:28.083","160","15","0","10039","13341","9","125021"
"104397","Evrovizija, finale","5/18/2013 6:28:44 PM","5/18/2013 10:56:13 PM","4:27:29.433","220","207","0","31561","45127","14","637592"
"104391","Evrovizija, 2. polfinale","5/16/2013 6:36:45 PM","5/16/2013 9:11:48 PM","2:35:03.44","94","23","0","11339","15622","9","141608"
"104720","33. krog Prve lige Telekom Slovenija","5/14/2013 2:20:08 PM","5/15/2013 10:15:00 PM","1:4:17:30.713","188","20","0","8607","11256","8","96296"
"104389","Evrovizija, 1. polfinale","5/14/2013 5:33:26 PM","5/14/2013 9:15:31 PM","3:42:05.887","95","48","0","37218","51377","10","565038"
"102875","32. krog Prve lige Telekom Slovenije","5/11/2013 8:06:23 AM","5/13/2013 11:00:00 AM","2:2:32:48.027","310","29","0","18666","27728","9","262296"
"99320","31. krog Prve lige Telekom Slovenije","5/4/2013 1:20:58 PM","5/4/2013 10:13:24 PM","5:52:26.067","105","6","0","9449","12626","8","106251"
"95980","30. krog Prve lige Telekom Slovenije","4/27/2013 8:25:18 AM","4/29/2013 11:00:00 AM","2:1:05:20.603","161","11","0","10310","13791","7","109300"
"95458","5. vseslovenska vstaja","4/27/2013 10:03:29 AM","4/27/2013 4:12:40 PM","6:09:11.743","120","3","0","21700","28816","13","401528"
"95995","Test","4/27/2013 1:59:09 PM","4/27/2013 4:59:09 PM","0:00:00.667","0","0","0","0","0","0","0"
"95453","Zaostala tekma 23. kroga Prve lige Telekom Slovenije","4/24/2013 12:23:22 PM","4/25/2013 1:00:00 PM","22:05:19.383","24","6","0","2816","3137","7","22988"
"94787","29. krog Prve lige Telekom Slovenija","4/21/2013 6:00:00 PM","4/22/2013 11:00:00 AM","16:38:44.763","146","9","0","16696","21812","7","174000"
"94191","25. krog Prve lige Telekom Slovenija","4/17/2013 11:18:38 AM","4/18/2013 6:00:00 PM","1:6:35:00.553","168","9","0","16541","21880","10","231117"
"93515","28. krog Prve lige Telekom Slovenija","4/13/2013 4:46:44 AM","4/15/2013 6:00:00 PM","2:12:10:27.743","201","8","0","14871","19666","7","152423"
"92966","Dogodek","4/10/2013 12:43:03 PM","4/10/2013 12:55:38 PM","0:12:35.353","0","0","0","0","0","0","0"
"92759","rtetsghjtuztzutuzgtzfzhftz","4/9/2013 9:30:00 AM","4/9/2013 9:35:30 AM","0:05:30.2","0","0","0","0","0","0","0"
"92367","27. krog Prve lige Telekom Slovenija","4/6/2013 7:36:51 AM","4/8/2013 10:00:00 AM","2:2:02:06.223","207","11","0","16582","22817","7","170631"
"91284","26. krog Prve Lige Telekom Slovenije","3/30/2013 1:00:00 PM","3/31/2013 9:45:00 PM","1:6:55:08.28","202","10","0","13753","18494","9","168101"
"89568","Potrjevanje Vlade Alenke Bratušek","3/20/2013 10:11:25 AM","3/20/2013 8:46:13 PM","10:34:48.657","127","27","0","26920","33456","14","469103"
"89195","24. krog Prve lige Telekom Slovenije","3/16/2013 10:44:57 AM","3/17/2013 10:00:00 PM","1:10:45:07.23","148","0","0","15926","21781","8","193477"
"88964","Finale Svetovnega pokala v alpskem smučanju","3/17/2013 6:00:00 AM","3/17/2013 4:59:30 PM","7:59:30.21","62","10","0","67247","101223","10","1089929"
"69710","Poplave","3/12/2013 11:12:18 AM","3/12/2013 11:13:14 AM","0:00:56.757","1","0","0","0","0","0","0"
"87650","Vseslovenska vstaja","3/12/2013 7:34:59 AM","3/12/2013 7:41:19 AM","0:06:20.767","89","13","0","40015","55037","12","714418"
"87936","23. krog Prve lige Telekom Slovenije","3/9/2013 3:00:00 PM","3/10/2013 10:45:00 PM","1:5:40:45.77","172","2","0","19150","27805","7","219107"
"86593","22. krog Prva liga Telekom Slovenije","3/2/2013 12:00:00 PM","3/3/2013 10:45:00 PM","1:9:40:07.627","69","4","2","14535","19299","7","140514"
"85804","DZ : konstruktivna nezaupnica vladi","2/27/2013 10:02:53 PM","2/27/2013 10:03:14 PM","0:00:21.63","225","53","0","73554","104237","17","1832197"
"84320","Oskarji","2/24/2013 2:47:41 PM","2/25/2013 6:34:42 AM","15:47:01.297","160","93","0","27941","33194","18","615018"
"85063","synd_oskarji","2/22/2013 10:47:52 AM","2/24/2013 4:00:00 AM","2:8:33:15.167","22033","0","0","37","45","4","199"
"83395","Veleslalom SP Schladming 2013","2/14/2013 6:05:14 AM","2/14/2013 2:32:23 PM","8:27:09.803","37","12","0","166045","237222","12","2941576"
"82327","Tretja vseslovenska vstaja","2/8/2013 1:42:12 PM","2/8/2013 7:43:01 PM","6:00:49.343","86","53","0","69529","104355","16","1730336"
"82322","Shod Zbora za republiko","2/7/2013 2:28:49 PM","2/8/2013 12:10:21 PM","21:41:32.45","73","10","0","59928","81710","14","1144452"
"82315","Protestival","2/7/2013 2:19:18 PM","2/7/2013 8:16:49 PM","5:57:31.323","42","33","0","15634","18643","12","229280"
"78834","Janez Janša se je odločil","1/18/2013 7:28:47 AM","1/18/2013 10:44:52 AM","0:16:05.4","1","0","0","0","0","0","0"
"78701","Armstrong","1/18/2013 7:31:11 AM","1/18/2013 10:31:11 AM","0:00:00.303","1","0","0","18","31","9","290"
"77338","LJ-Protest","1/11/2013 12:54:59 PM","1/11/2013 8:51:18 PM","9:21:01.13","42","61","0","37056","52023","15","798612"
"76602","Maribor vstaja","1/7/2013 12:45:00 PM","1/7/2013 7:53:48 PM","6:43:20.793","45","5","0","17201","22002","11","262246"
"75409","Božiček","12/24/2012 8:15:00 AM","12/25/2012 1:28:46 PM","1:2:13:46.747","932","343","0","178","222","6","1468"
"75403","Vseslovenska vstaja","12/21/2012 12:11:33 PM","12/21/2012 10:06:46 PM","10:45:05.197","52","111","0","51420","75540","13","984410"
"75411","Val202 test","12/21/2012 1:13:54 PM","12/21/2012 4:13:54 PM","0:00:00.72","0","0","0","0","0","0","0"
"74848","Interpelacija Vinka Gorenaka","12/18/2012 1:43:58 PM","12/18/2012 10:12:24 PM","8:28:26.793","92","1","0","27885","37145","10","390558"
"74408","Protesti 14. 12. 2012","12/14/2012 8:33:21 AM","12/14/2012 7:38:47 PM","11:05:26.19","40","26","0","19159","24947","10","267293"
"73859","Ljubljana: Protest pred mestno hišo","12/10/2012 3:01:21 PM","12/10/2012 6:29:12 PM","3:27:51.533","16","12","0","16911","21880","10","224252"
"735602,"Protesti 7. 12. 2012","12/7/2012 1:15:51 PM","12/7/2012 10:30:29 PM","6:14:38.993","52","31","0","21035","28724","13","400686"
"73396","Superkombinacija - St. Moritz","12/7/2012 7:23:07 AM","12/7/2012 1:47:26 PM","6:24:19.9","23","6","0","71914","104257","11","1156337"
"73395","Maribor - Lazio","12/6/2012 10:42:55 PM","12/6/2012 10:43:23 PM","0:00:28.29","38","26","0","18091","24745","8","211962"
"72910","Demonstracije 3. 12. 2012","12/3/2012 2:57:47 PM","12/4/2012 2:11:42 AM","8:13:55.79","112","85","0","56949","90417","11","1046508"
"72817","Predsedniške volitve 2012, drugi krog","12/2/2012 3:45:00 PM","12/2/2012 9:38:04 PM","5:53:04.41","39","55","0","23162","29783","10","301831"
"72610","Demonstracije 30. 11. 2012","11/30/2012 2:30:00 PM","12/1/2012 12:17:15 AM","6:47:15.147","17","133","0","82097","138504","11","1634473"
"70978","Soočenje 20.11.2012","11/20/2012 4:45:17 PM","11/20/2012 8:20:27 PM","3:41:48.44","24","19","0","17841","21936","11","255482"
"69659","Predsedniške volitve","11/11/2012 2:30:00 PM","11/20/2012 12:41:11 PM","8:22:11:11.06","99","39","2","28734","43353","9","422263"
"68442","SlovenskiEvent","11/20/2012 7:44:36 AM","11/20/2012 12:09:03 PM","4:24:27.633","50","14","21","81","268","12","3399"
"70094","Makedonija - Slovenija","11/14/2012 9:44:32 AM","11/14/2012 7:25:37 PM","9:41:05.513","49","25","0","36843","59245","9","579290"
"69391","Soočenje 9.11.2012","11/9/2012 8:44:35 AM","11/9/2012 10:07:59 PM","13:23:25.033","54","51","1","7906","10271","15","157295"
"69210","Maribor:Tottenham","11/8/2012 9:53:06 AM","11/9/2012 2:45:30 AM","13:52:24.42","71","27","0","24493","34957","12","426004"
"69090","Liga prvakov","11/7/2012 12:59:42 PM","11/7/2012 9:56:10 PM","9:38:00.827","72","18","0","20525","28502","11","326800"
"68885","Volitve ZDA 2012","11/7/2012 7:23:58 AM","11/7/2012 10:23:58 AM","0:00:00.997","235","120","3","38369","48579","14","712381"
"68814","Liga prvakov 6. 11. 2012","11/6/2012 11:45:00 AM","11/6/2012 10:19:23 PM","10:34:23.18","100","16","28","31781","44048","10","450058"
"68662","KrNeki","11/5/2012 7:41:02 PM","11/5/2012 7:42:10 PM","0:01:08.47","0","0","0","0","0","0","0"
